page,page_title,active_visitors
weather.gov/,National Weather Service,943
usps.com/,Welcome | USPS,732
earthquake.usgs.gov/earthquakes/map/,Latest Earthquakes,571
egov.uscis.gov/casestatus/mycasestatus.do,myUSCIS - Case Status,571
applicationmanager.gov/application.aspx,Application Manager,309
ceac.state.gov/ceacstattracker/status.aspx,CEAC,288
tools.usps.com/go/trackconfirmaction_input,USPS.com® - USPS Tracking®,257
cns.usps.com/labelinformation.shtml,USPS.com® - Create Shipping Labels,217
ssa.gov/myaccount/,my Social Security,190
login.usajobs.gov/issue/wsfed?wa=wsignout1.0&wreply=https://www.usajobs.gov/,USAJOBS - Sign Out,180
studentloans.gov/mydirectloan/login.action,StudentLoans.gov,173
ceac.state.gov/genniv/default.aspx,Nonimmigrant Visa - Instructions Page,170
2016.export.gov/safeharbor/,(not set),169
tools.usps.com/go/scheduleapickupaction_confirmation,USPS.com® - Schedule a Pickup,151
usajobs.gov/,"USAJOBS - The Federal Government's official employment site",149
ssa.gov/site/signin/en/,Sign in / up | Social Security Administration,147
ceac.state.gov/genniv/general/complete/complete_travel.aspx?node=travel,Nonimmigrant Visa - Travel Information,145
egov.uscis.gov/casestatus/landing.do,myUSCIS - Case Status Search,142
nhlbi.nih.gov/health/educational/lose_wt/bmi/bmicalc.htm,Calculate Your BMI - Standard BMI Calculator,141
wrh.noaa.gov/pqr/,National Weather Service - NWS Portland,141
studentloans.gov/mydirectloan/index.action,StudentLoans.gov,138
tsa.gov/travel/security-screening,Security Screening | Transportation Security Administration,137
ceac.state.gov/genniv/general/complete/complete_personal.aspx?node=personal1,Nonimmigrant Visa - Personal Information 1,130
npin.cdc.gov/gytwidgets/gytwidget.aspx,GYT Widget,130
privacyshield.gov/welcome,Privacy Shield | Privacy Shield,128
time.gov/,The Official NIST US Time:,128
ceac.state.gov/ceac/,Consular Electronic Application Center,127
ebenefits.va.gov/ebenefits/homepage,Home - eBenefits,126
uscis.gov/,Homepage | USCIS,122
ssa.gov/,The United States Social Security Administration,121
holdmail.usps.com/holdmail/request.do,USPS.com - Hold Mail Service,115
forecast.weather.gov/mapclick.php,7-Day Forecast for Latitude 45.53°N and Longitude 122.67°W (Elev. 200 ft),114
irs.gov/individuals/get-transcript,Welcome to Get Transcript,113
archives.gov/federal-register/electoral-college/key-dates.html,U. S. Electoral College: 2016 Key Dates,112
irs.gov/,Internal Revenue Service,111
usajobs.gov/applicant/profiledashboard/home,USAJOBS - Profile Dashboard,111
ceac.state.gov/genniv/general/complete/complete_workeducation2.aspx?node=workeducation2,Nonimmigrant Visa - Previous Work/Education/Training Information,109
myhealth.va.gov/,Home - My HealtheVet,109
redelivery.usps.com/redelivery/,USPS.com - Redelivery Service,104
ceac.state.gov/genniv/general/complete/complete_workeducation1.aspx?node=workeducation1,Nonimmigrant Visa - Present Work/Education/Training Information,101
nasa.gov/,NASA,101
holdmail.usps.com/holdmail/,USPS.com - Hold Mail Service,99
irs.gov/payments/direct-pay,Welcome to Direct Pay!,99
petitions.whitehouse.gov/petition/de-schedule-cannabis-free-plant,De-Schedule Cannabis--Free the Plant | We the People: Your Voice in Our Government,98
ceac.state.gov/genniv/,Nonimmigrant Visa - Instructions Page,97
my.usps.com/mobileweb/pages/myusps/homeaction_input.action?restart=1,My USPS™ - Track a Package,97
faa.gov/about/initiatives/hazmat_safety/,Pack Safe,96
usajobs.gov/search/getadvancedsearchresults/,USAJOBS - The Federal Government’s Official Jobs Site,96
ceac.state.gov/genniv/common/recovery.aspx,Nonimmigrant Visa - Recover Your Application,95
postcalc.usps.com/,Postage Price Calculator,91
my.usps.com/mobileweb/pages/intro/start.action,USPS.com® - Track Packages and Manage Shipping,87
nih.gov/,National Institutes of Health (NIH) | Turning Discovery Into Health,87
cns.usps.com/shippingcart.shtml,USPS.com® - Review Shipping Labels,82
cdc.gov/std/widgets/widget-3b.html,STD Widget 3,79
ceac.state.gov/genniv/general/complete/complete_contact.aspx?node=addressphone,Nonimmigrant Visa - Address and Phone Information,79
tools.usps.com/go/trackconfirmaction,USPS.com® - USPS Tracking®,79
apod.nasa.gov/apod/astropix.html,Astronomy Picture of the Day,78
ceac.state.gov/genniv/general/esign/complete_done.aspx?node=done,Nonimmigrant Visa - Confirmation Page,78
tools.usps.com/go/scheduleapickupaction!input.action,USPS.com® - Schedule a Pickup,76
forecast.weather.gov/mapclick.php,7-Day Forecast for Latitude 44.04°N and Longitude 123.1°W (Elev. 571 ft),75
reg.usps.com/entreg/registrationaction_input,USPS.com® - Register for an online account,74
ceac.state.gov/genniv/general/complete/passport_visa_info.aspx?node=pptvisa,Nonimmigrant Visa - Passport Information,72
irs.gov/uac/pay-taxes-by-credit-or-debit-card,Pay your Taxes by Debit or Credit Card,71
ceac.state.gov/genniv/general/complete/complete_uscontact.aspx?node=uscontact,Nonimmigrant Visa - U.S. Point of Contact Information,70
ceac.state.gov/genniv/general/review/review_reviewpersonal.aspx?node=reviewpersonal,"Non-Immigrant Visa - Review Personal, Address, Phone, and Passport Information",70
tools.usps.com/go/polocatoraction.action,USPS.com® - Find Locations,70
epa.gov/sites/production/files/widgets/ef-uvindex.html,EF UV Index Widget | US EPA,66
usps.com/ship/priority-mail.htm,Priority Mail | USPS,66
usps.com/holiday/holiday-schedule.htm,2016 USPS Holiday Closings & Hours | USPS,65
weather.gov/radar,Doppler Radar National Mosaic,63
ceac.state.gov/genniv/general/complete/complete_family1.aspx?node=relatives,Nonimmigrant Visa - Family Information: Relatives,62
tsa.gov/travel/security-screening/prohibited-items,Prohibited Items | Transportation Security Administration,62
earthquake.usgs.gov/earthquakes/eventpage/nc72737985,"M5.0 - 8km NW of The Geysers, California",60
myhealth.va.gov/mhv-portal-web/home,Home - My HealtheVet,60
nws.noaa.gov/om/winter/windchill.shtml,NWS Winter Storm Safety Wincchill Information and Chart,60
ceac.state.gov/genniv/general/complete/complete_previousustravel.aspx?node=previousustravel,Nonimmigrant Visa - Previous U.S. Travel Information,58
travel.state.gov/content/visas/en/law-and-policy/bulletin/2017/visa-bulletin-for-january-2017.html,Visa Bulletin For January 2017,57
nhtsa.gov/drivesober/index.html,Drive Sober or Get Pulled Over,56
uscis.gov/n-400,Application for Naturalization | USCIS,56
wrh.noaa.gov/sew/,National Weather Service - NWS Seattle,56
ceac.state.gov/genniv/general/complete/complete_workeducation3.aspx?node=workeducation3,Nonimmigrant Visa - Additional Work/Education/Training Information,55
archives.gov/federal-register/electoral-college/about.html,"U. S. Electoral College, Official - What is the Electoral College?",54
archives.gov/federal-register/electoral-college/electors.html,U. S. Electoral College: Who Are the Electors? How Do They Vote?,54
travel.state.gov/content/passports/en/passports/information/fees.html,Passport Fees,54
tsa.gov/precheck,TSA Pre✓® | Transportation Security Administration,54
ceac.state.gov/genniv/general/esign/signtheapplication.aspx?node=signcertify,Nonimmigrant Visa - E-Signature and Certification,53
reg.usps.com/entreg/loginaction,USPS.com® - Sign In,53
"ftc.gov/tips-advice/business-center/privacy-and-security/children's-privacy","Children's Privacy | Federal Trade Commission",52
bop.gov/mobile/find_inmate/byname.jsp,BOP: Federal Inmates By Name,51
nhlbi.nih.gov/health/educational/lose_wt/bmi/bmi-m.htm,Calculate Your BMI - Metric BMI Calculator,50
reg.usps.com/entreg/loginaction_input?appurl=https://cns.usps.com/labelinformation.shtml,USPS.com® - Sign In,50
tsa.gov/travel/security-screening/liquids-rule,Liquids Rule | Transportation Security Administration,50
cdc.gov/std/chlamydia/stdfact-chlamydia.htm,STD Facts - Chlamydia,49
ceac.state.gov/genniv/general/complete/complete_personalcont.aspx?node=personal2,Nonimmigrant Visa - Personal Information 2,49
emailus.usps.com/emailus/iq/usps/request.do?forward=emailus,USPS - Email Us,49
evisaforms.state.gov/make_barcode.asp?pc=dji,NIV Appointment System,48
usajobs.gov/applicant/profiledashboard/home/,USAJOBS - Profile Dashboard,47
weather.gov/epz/wxcalc_windchill,Wind Chill Calculator,47
forecast.weather.gov/mapclick.php,National Weather Service,46
tools.usps.com/go/ziplookupaction!input.action,USPS.com® - ZIP Code™ Lookup,46
tsa.gov/,Transportation Security Administration |,46
irs.gov/refunds,"Where's My Refund? - It's Quick, Easy and Secure.",45
weather.gov/mpx/,"Twin Cities, MN",45
wrh.noaa.gov/mtr/,National Weather Service - NWS San Francisco/Monterey Bay Area,45
cdc.gov/std/herpes/stdfact-herpes.htm,STD Facts - Genital Herpes,44
cdc.gov/std/hpv/stdfact-hpv.htm,STD Facts - Human papillomavirus (HPV),44
whitehouse.gov/,The White House | whitehouse.gov,44
ceac.state.gov/genniv/common/sessiontimedout.aspx,Consular Electronic Application Center - Session Timed Out,43
irs.gov/businesses/small-businesses-self-employed/apply-for-an-employer-identification-number-ein-online,Apply for an Employer Identification Number (EIN) Online,43
irs.gov/forms-pubs,Forms & Pubs,43
applicationmanager.gov/sso.aspx,Package Detail,42
travel.state.gov/content/visas/en/forms/ds-160--online-nonimmigrant-visa-application/frequently-asked-questions.html,DS-160: Frequently Asked Questions,42
forecast.weather.gov/mapclick.php,7-Day Forecast for Latitude 43.99°N and Longitude 121.68°W (Elev. 7638 ft),41
forecast.weather.gov/mapclick.php,7-Day Forecast for Latitude 44.06°N and Longitude 121.3°W (Elev. 3599 ft),41
reg.usps.com/logout?appurl=https://www.usps.com,USPS.com® - Sign Out,41
travel.state.gov/content/passports/en/passports/apply.html,How to Apply for a Passport,41
ceac.state.gov/genniv/general/photo/photo_uploadthephoto.aspx?node=uploadphoto,Nonimmigrant Visa - Upload Photo,40
opm.gov/policy-data-oversight/pay-leave/salaries-wages/2016/general-schedule/,General Schedule,40
pptform.state.gov/passportwizardmain.aspx,Passport Application System,40
usajobs.gov/applicant/profiledashboard/resumes/,USAJOBS - Profile Dashboard,40
usps.com/holiday/holiday-shipping-dates.htm,Holiday Shipping Dates | USPS®,40
weather.gov/forecastmaps,National Forecast Maps,40
wrh.noaa.gov/sgx/,National Weather Service - NWS San Diego,40
travel.state.gov/content/travel/en.html,travel.state.gov,39
usps.com/holiday/,Holiday 2016 | USPS,39
ceac.state.gov/genniv/general/review/review_reviewtravel.aspx?node=reviewtravel,Non-Immigrant Visa - Review Travel Information,38
tools.usps.com/go/trackconfirmaction!input.action,USPS.com® - USPS Tracking®,38
travel.state.gov/content/visas/en/law-and-policy/bulletin.html,Visa Bulletin,38
va.gov/,U.S. Department of Veterans Affairs,38
svs.gsfc.nasa.gov/4515,SVS: 2017 Path of Totality,37
travel.state.gov/content/passports/en/passports/renew.html,Renew by Mail,36
travel.state.gov/content/visas/en/general/photos.html,Photo Requirements,36
whitehouse.gov/administration/cabinet,The Cabinet | whitehouse.gov,36
cbp.gov/careers/apply-now,Current Openings | U.S. Customs and Border Protection,35
cdc.gov/,Centers for Disease Control and Prevention,35
mx.usembassy.gov/es/visas-es/turismo-y-visitantes/como-solicitar-la-visa/,¿Cómo solicitar la visa? | Embajada y consulados de Estados Unidos en México,35
my.usps.com/mobileweb/pages/myusps/homeaction_input.action?restart=1,USPS.com® - Track Packages and Manage Shipping,35
ssa.gov/ssnumber/,New or Replacement Social Security Number and Card,35
wrh.noaa.gov/sto/,National Weather Service - NWS Sacramento,35
ceac.state.gov/genniv/common/thankyou.aspx,Consular Electronic Application Center - Thank You,34
irs.gov/payments,"Payment Options: Pay Online, Installment Plans and More",34
tools.usps.com/go/ziplookupaction_input,USPS.com® - ZIP Code™ Lookup,34
applicationmanager.gov/sso.aspx,Application Manager,33
ceac.state.gov/genniv/general/review/review_reviewworkeducation.aspx?node=reviewworkeducation,Nonimmigrant Visa - Review Work / Education Information,33
faq.usps.com/?articleid=220900,USPS FAQ,33
my.uscis.gov/en/appointment/dates,Your Field Office Dates,33
ssa.gov/onlineservices/,What You Can Do Online,33
travel.state.gov/content/visas/en/general/wait-times.html/,Visa Appointment & Processing Wait Times,33
my.uscis.gov/en/appointment,Schedule an Appointment,32
nimh.nih.gov/health/topics/borderline-personality-disorder/index.shtml,NIMH » Borderline Personality Disorder,32
studentaid.ed.gov/sa/,Federal Student Aid,32
studentaid.ed.gov/sa/fafsa/filling-out/fsaid,The FSA ID | Federal Student Aid,32
travel.state.gov/content/passports/en/passports/applyinperson.html,Apply in Person,32
treasury.gov/resource-center/data-chart-center/interest-rates/pages/textview.aspx?data=yield,Daily Treasury Yield Curve Rates,32
usps.com/help/contact-us.htm,Contact Us | USPS,32
whitehouse.gov/contact,Submit Your Message Online | whitehouse.gov,32
wrh.noaa.gov/pdt/,National Weather Service - NWS Pendleton,32
goes.noaa.gov/ecir4.html,"Eastern U.S. Infrared, Enhancement 4 - NOAA GOES Geostationary Satellite Server",31
medlineplus.gov/spanish/ency/patientinstructions/000424.htm,Signos de peligro con los dolores de cabeza: MedlinePlus enciclopedia médica,31
myhealth.va.gov/mhv-portal-web/download-my-data?p_p_id=bluebutton_war_mhvbluebuttonportalportlet&p_p_lifecycle=0&p_p_state=normal&p_p_mode=view&_bluebutton_war_mhvbluebuttonportalportlet__facesviewidrender=/views/bluebutton/download/mydownloadresults.xhtml,Download My Data - My HealtheVet,31
tools.usps.com/go/ziplookupaction!input.action?mode=1&refresh=true,USPS.com® - ZIP Code™ Lookup,31
travel.state.gov/content/passports/en/passports/forms.html,Passport Forms,31
eauth.va.gov/wssweb/wss-claims-webparts/mvc/ebn/openclaimsummary,Summary - Claim Status,30
travel.state.gov/content/passports/en/alertswarnings/mexico-travel-warning.html,Mexico Travel Warning,30
travel.state.gov/content/passports/en/passports.html,U.S. Passports & International Travel,30
usps.com/ship/welcome.htm,How to Send Mail | USPS,30
weather.gov/lot/,"Chicago, IL",30
cbp.gov/,"U.S. Customs and Border Protection | Securing America's Borders",29
my.usps.com/mobileweb/pages/myusps/homeaction.action,My USPS™ - Track a Package,29
redelivery.usps.com/redelivery/request.do,USPS.com - Redelivery Service,29
reg.usps.com/entreg/loginaction_input?appurl=https://my.usps.com/mobileweb/pages/myusps/homeaction_input.action,USPS.com® - Sign In,29
tsdr.uspto.gov/,Trademark Status & Document Retrieval,29
uscis.gov/i-130,Petition for Alien Relative | USCIS,29
usps.com/international/passports.htm,Passport Application & Passport Renewal | USPS,29
mobile.weather.gov/index.php?lat=45.5&lon=-122.69,NWS Mobile Weather,28
my.usps.com/mobileweb/pages/myusps/homeaction_input.action,My USPS™ - Track a Package,28
opm.gov/investigations/e-qip-application/,e-QIP Application,28
ssa.gov/site/menu/en/,Menu | Social Security Administration,28
usa.gov/passport,Getting or Renewing a U.S. Passport | USAGov,28
usajobs.gov/search/advancedsearch/,Advanced Search,28
usps.com/international/first-class-mail-international.htm,First—Class Mail International | USPS,28
weather.gov/fwd/,"Fort Worth/Dallas, TX",28
ceac.state.gov/genniv/general/complete/complete_travelcompanions.aspx?node=travelcompanions,Nonimmigrant Visa - Travel Companions Information,27
forecast.weather.gov/mapclick.php,7-Day Forecast for Latitude 45.34°N and Longitude 121.66°W (Elev. 5446 ft),27
mobile.weather.gov/,NWS Mobile Weather,27
uscis.gov/citizenship/learners/apply-citizenship,Apply for Citizenship | USCIS,27
usps.com/help/welcome.htm,Help | USPS,27
usps.com/manage/welcome.htm,Track & Manage | USPS,27
ceac.state.gov/genniv/general/complete/complete_family2.aspx?node=spouse,Nonimmigrant Visa - Family Information: Spouse,26
pptform.state.gov/aboutyou,Passport Application System,26
smokefree.gov/quiz-are-you-depressed,Quiz: Are You Depressed? | Smokefree.gov,26
spc.noaa.gov/products/wwa/,"NWS - Watch, Warning, Advisory Display",26
travel.state.gov/content/visas/en/visit/visitor.html,Visitor Visa,26
wrh.noaa.gov/otx/,National Weather Service - NWS Spokane,26
benefits.va.gov/compensation/resources_comp01.asp,Veterans Compensation Benefits Rate Tables - Effective 12/1/16 - Compensation,25
forecast.weather.gov/mapclick.php,7-Day Forecast for Latitude 43.62°N and Longitude 116.22°W (Elev. 2710 ft),25
justice.gov/usao-ma/pr/20-individuals-charged-trafficking-heroin-and-fentanyl,20 Individuals Charged with Trafficking Heroin and Fentanyl | USAO-MA | Department of Justice,25
login.usajobs.gov/account/contact,USAJOBS - Profile - Contact Information,25
medlineplus.gov/spanish/druginfo/meds/a697038-es.html,Loratadina: MedlinePlus medicinas,25
bop.gov/mobile/find_inmate/,BOP: Federal Inmates By Number,24
ceac.state.gov/genniv/common/confirmapplicationid.aspx?node=securequestion,Consular Electronic Application Center - Confirm Application ID Page,24
ceac.state.gov/genniv/general/review/review_reviewlocation.aspx?node=reviewlocation,Non-Immigrant Visa - Review Location,24
donotcall.gov/confirm/conf.aspx,National Do Not Call Registry,24
eauth.va.gov/wssweb/wss-common-webparts/mvc/ebn/rateddisabilities,Disabilities,24
reg.usps.com/entreg/loginaction_input?appurl=https://www.usps.com/,USPS.com® - Sign In,24
spc.noaa.gov/products/outlook/,Storm Prediction Center Convective Outlooks,24
ssa.gov/retire/estimator.html,Retirement Estimator,24
weather.gov/cle/,"Cleveland, OH",24
wrh.noaa.gov/rev/,"National Weather Service - Reno, NV",24
wrh.noaa.gov/satellite/?wfo=mtr,National Weather Service - NWS San Francisco/Monterey Bay Area,24
apod.nasa.gov/apod/,Astronomy Picture of the Day,23
bop.gov/inmateloc/,Inmate Locator,23
cdc.gov/std/trichomonas/stdfact-trichomoniasis.htm,STD Facts - Trichomoniasis,23
climate.nasa.gov/evidence/,Climate Change: Vital Signs of the Planet: Evidence,23
egov.uscis.gov/casestatus/mycasestatus.do,myUSCIS - Estado de Caso,23
jfklibrary.org/shared-content/promo-banners/2016-annual-fund-promo-banner.aspx,Untitled Page,23
usa.gov/unclaimed-money,Unclaimed Money from the Government | USAGov,23
usda.gov/wps/portal/usda/usdahome,U.S. Department of Agriculture,23
usps.com/manage/forward.htm,Forward Mail | USPS,23
wrh.noaa.gov/lox/,National Weather Service - NWS Los Angeles/Oxnard,23
wrh.noaa.gov/mfr/,National Weather Service - NWS Medford,23
ceac.state.gov/genniv/general/complete/complete_securityandbackground2.aspx?node=securityandbackground2,Nonimmigrant Visa - Security and Background: Part 2,22
ceac.state.gov/genniv/general/complete/complete_securityandbackground5.aspx?node=securityandbackground5,Nonimmigrant Visa - Security and Background: Part 5,22
egov.uscis.gov/casestatus/logoff.do,myUSCIS - Case Status Search,22
forecast.weather.gov/mapclick.php,7-Day Forecast for Latitude 44.95°N and Longitude 123.03°W (Elev. 184 ft),22
gsa.gov/portal/category/100120,Per Diem Rates Look-Up,22
pe.usps.com/text/dmm300/notice123.htm,Notice 123 | Postal Explorer,22
store.usps.com/store/m/category.jsp?id=mobile-stamp,Buy Stamps,22
studentaid.ed.gov/sa/repay-loans/forgiveness-cancellation/public-service,Public Service Loan Forgiveness | Federal Student Aid,22
tools.usps.com/go/scheduleapickupaction_input,USPS.com® - Schedule a Pickup,22
usajobs.gov/applicant/profiledashboard/resumes,USAJOBS - Profile Dashboard,22
uscis.gov/forms/our-fees,Our Fees | USCIS,22
weather.gov/mkx/,"Milwaukee/Sullivan, WI",22
weather.gov/mpx/winter,Winter Weather,22
wrh.noaa.gov/tfx/,National Weather Service - NWS Great Falls,22
cbp.gov/travel/trusted-traveler-programs/global-entry,Global Entry | U.S. Customs and Border Protection,21
cdc.gov/std/syphilis/stdfact-syphilis.htm,STD Facts - Syphilis,21
dhs.gov/news/2016/10/07/joint-statement-department-homeland-security-and-office-director-national,Joint Statement from the Department Of Homeland Security and Office of the Director of National Intelligence on Election Security | Homeland Security,21
disasterassistance.gov/,Home | DisasterAssistance.gov | Access to Disaster Help and Resources,21
dvlottery.state.gov/,Electronic Diversity Visa Lottery,21
earthquake.usgs.gov/earthquakes/,Earthquakes,21
faq.usps.com/,USPS FAQ,21
forecast.weather.gov/mapclick.php,7-Day Forecast for Latitude 35.19°N and Longitude 111.65°W (Elev. 6946 ft),21
forecast.weather.gov/mapclick.php,7-Day Forecast for Latitude 43.76°N and Longitude 116.1°W (Elev. 6535 ft),21
irs.gov/individuals/online-payment-agreement-application,Apply for an Online Payment Agreement for Individuals and Businesses,21
tools.usps.com/go/trackconfirmaction.action,USPS.com® - USPS Tracking®,21
travel.state.gov/content/visas/en/law-and-policy/bulletin/2017/visa-bulletin-for-december-2016.html,Visa Bulletin For December 2016,21
usajobs.gov/applicant/profiledashboard/home?c=saved-job,USAJOBS - Profile Dashboard,21
uscis.gov/forms,Forms | USCIS,21
usembassy.gov/,Official list of embassies from the U.S. Department of State,21
usps.com/business/prices.htm,Postage Rates & Prices | USPS,21
usps.com/nationalpremieraccounts/trackmailing.htm,USPS - Track,21
catalog.usmint.gov/coins/gold-coins/,Gold Coins | Buy US Mint Gold Coins Online,20
cbp.gov/travel/international-visitors/electronic-visa-update-system-evus/frequently-asked-questions,Electronic Visa Update System (EVUS) Frequently Asked Questions | U.S. Customs and Border Protection,20
cdc.gov/std/spanish/vph/stdfact-hpv-and-men-s.htm,El VPH y los hombres - Enfermedades de transmisión sexual,20
ceac.state.gov/genniv/help/help.aspx,Nonimmigrant Visa - Help,20
cns.usps.com/shippinghistory.shtml,USPS.com® - Shipping History,20
forecast.weather.gov/mapclick.php,7-Day Forecast for Latitude 44.57°N and Longitude 123.25°W (Elev. 200 ft),20
freshempire.betobaccofree.hhs.gov/chase-life/big-krit/,Video: Big K.R.I.T. - Defying the Odds | Fresh Empire,20
hhs.gov/healthcare/,Health Care | HHS.gov,20
myhealth.va.gov/home,Home - My HealtheVet,20
myhealth.va.gov/mhv-portal-web/web/myhealthevet/refill-prescriptions,Refill Prescriptions - My HealtheVet,20
petitions.whitehouse.gov/petition/next-major-us-navy-ship-should-be-named-uss-deplorables,"The next major U.S. Navy Ship should be named ""USS The Deplorables"" | We the People: Your Voice in Our Government",20
ssa.gov/ssnumber/ss5doc.htm,Learn what documents you need to get a Social Security Card,20
store.usps.com/store/myaccount/profile.jsp,The Postal Store @ USPS.com,20
studentaid.ed.gov/sa/fafsa,FAFSA: Applying for Aid | Federal Student Aid,20
studentaid.ed.gov/sa/types/loans/subsidized-unsubsidized,Subsidized and Unsubsidized Loans,20
studentaid.ed.gov/sa/types/tax-benefits,Tax Benefits | Federal Student Aid,20
usa.gov/,Official Guide to Government Information and Services | USAGov,20
uscis.gov/i-485,Application to Register Permanent Residence or Adjust Status | USCIS,20
weather.gov/crh/weatherstory?sid=mpx,NWS Weather Story,20
weather.gov/oun/,"Norman, OK",20
wrh.noaa.gov/boi/,"National Weather Service - Boise, ID",20
aids.gov/hiv-aids-basics/hiv-aids-101/signs-and-symptoms/,Symptoms of HIV,19
aspe.hhs.gov/poverty-guidelines,Poverty Guidelines | ASPE,19
cdc.gov/std/pid/stdfact-pid.htm,Pelvic Inflammatory Disease - CDC Fact Sheet,19
cdc.gov/std/spanish/herpes/stdfact-herpes-s.htm,Herpes genital - Enfermedades de transmisión sexual,19
forecast.weather.gov/mapclick.php,7-Day Forecast for Latitude 44.06°N and Longitude 121.33°W (Elev. 3678 ft),19
forecast.weather.gov/mapclick.php,7-Day Forecast for Latitude 44.95°N and Longitude 93.28°W (Elev. 886 ft),19
irs.gov/payments/finding-out-how-much-you-owe,Finding Out How Much You Owe,19
opm.gov/cybersecurity,Cybersecurity Resource Center,19
opm.gov/policy-data-oversight/pay-leave/salaries-wages/,Salaries & Wages,19
petitions.whitehouse.gov/thank-you/2424821,We the People: Your Voice in Our Government,19
reg.usps.com/logout?appurl=https://tools.usps.com/go/scheduleapickupaction_input,USPS.com® - Sign Out,19
spc.noaa.gov/,NOAA/NWS Storm Prediction Center,19
studentaid.ed.gov/sa/repay-loans/forgiveness-cancellation,"Forgiveness, Cancellation, and Discharge | Federal Student Aid",19
usa.gov/branches-of-government,Branches of Government | USAGov,19
usajobs.gov/applicant/profiledashboard/otherdocuments/,USAJOBS - Documents - Other Docs,19
usps.com/ship/mail-shipping-services.htm,Mail & Shipping Services | USPS,19
weather.gov/bou/,"Denver/Boulder, CO",19
weather.gov/box/,"Boston, MA",19
weather.gov/phi/,"Mount Holly, NJ",19
weather.gov/satellite?image=ir,Satellite Images,19
wrh.noaa.gov/mso/,National Weather Service - Missoula MT,19
wrh.noaa.gov/total_forecast/getprod.php?prod=xxxafdpqr&wfo=pqr,National Weather Service - NWS Portland,19
apps.irs.gov/app/withholdingcalculator/index3.jsp,2016 Withholding Calculator,18
archives.gov/federal-register/electoral-college/faq.html,U. S. Electoral College: Frequently Asked Questions,18
cbp.gov/travel/international-visitors/i-94-instructions,Arrival/Departure Forms: I-94 and I-94W | U.S. Customs and Border Protection,18
cbp.gov/travel/trusted-traveler-programs/global-entry/how-apply,How to Apply for Global Entry | U.S. Customs and Border Protection,18
ceac.state.gov/genniv/general/review/review_reviewsecurity.aspx?node=reviewsecurity,Nonimmigrant Visa - Review Security Information,18
ceac.state.gov/genniv/general/review/review_reviewuscontact.aspx?node=reviewuscontact,Nonimmigrant Visa - Review US Contact Information,18
forecast.weather.gov/mapclick.php,7-Day Forecast for Latitude 47.03°N and Longitude 122.9°W (Elev. 98 ft),18
medlineplus.gov/spanish/sexuallytransmitteddiseases.html,Enfermedades de transmisión sexual: MedlinePlus en español,18
missingmail.usps.com/,USPS Missing Mail,18
myhealth.va.gov/mhv-portal-web/web/myhealthevet/appointments,Appointments - My HealtheVet,18
ods.od.nih.gov/factsheets/vitamind-healthprofessional/,Vitamin D — Health Professional Fact Sheet,18
opm.gov/,OPM.gov,18
peacecorps.gov/,Apply by January 1,18
reg.usps.com/login?appurl=https://my.usps.com/mobileweb/pages/intro/start.action?restart=1,USPS.com® - Sign In,18
spotthestation.nasa.gov/widget/widget.cfm?country=united_states&region=virginia&city=roanoke,Widget | Spot The Station | NASA,18
ssa.gov/disabilityssi/,Disability Benefits,18
ssa.gov/medicare/,Medicare Benefits,18
store.usps.com/store/,The Postal Store @ USPS.com,18
travel.state.gov/content/passports/en/passports/information/where-to-apply.html,Where to Apply,18
usajobs.gov/?c=create-profile,"USAJOBS - The Federal Government's official employment site",18
usps.com/ship/first-class-mail.htm,First-Class Mail | USPS,18
weather.gov/buf/,"Buffalo, NY",18
weather.gov/tsa/,"Tulsa, OK",18
wrh.noaa.gov/eka/,National Weather Service - NWS Eureka,18
wrh.noaa.gov/satellite/?wfo=pqr,National Weather Service - NWS Portland,18
cbp.gov/list-page/美国国土安全部网站常见问题及回答faqs?language=zh-hans,美国国土安全部网站常见问题及回答(FAQs) | U.S. Customs and Border Protection,17
ceac.state.gov/genniv/general/esign/complete_done.aspx,Nonimmigrant Visa - Confirmation Page,17
choosemyplate.gov/,Choose MyPlate |,17
fbo.gov/,Home - Federal Business Opportunities: Home,17
fda.gov/,U S Food and Drug Administration Home Page,17
forecast.weather.gov/mapclick.php,7-Day Forecast for Latitude 47.57°N and Longitude 122.62°W (Elev. 0 ft),17
login.usajobs.gov/account/signin?returnurl=/issue/wsfed?wa=wsignout1.0&wreply=https://www.usajobs.gov/&wa=wsignout1.0&wreply=https://www.usajobs.gov/,USAJOBS - Login,17
medlineplus.gov/spanish/ency/article/003097.htm,Ganglios linfáticos inflamados: MedlinePlus enciclopedia médica,17
my.usps.com/mobileweb/pages/intro/start.action?ns_campaign=top_banner,USPS.com® - Track Packages and Manage Shipping,17
nasa.gov/feature/jpl/jupiter-s-7th-pearl/,"Juno Captures Jupiter 'Pearl' | NASA",17
nps.gov/features/yell/webcam/oldfaithfulstreaming.html,National Park Service Webcam,17
postcalc.usps.com/default.aspx,Postage Price Calculator,17
reg.usps.com/entreg/loginaction_input?appurl=https://cns.usps.com/m/createlabel.shtml,USPS.com® - Sign In,17
travel.state.gov/content/passports/en/passports/services/expedited.html,Get a Passport in a Hurry,17
treasury.gov/resource-center/sanctions/programs/pages/programs.aspx,Sanctions Programs and Country Information,17
tsa.gov/travel/frequently-asked-questions,Frequently Asked Questions | Transportation Security Administration,17
tsa.gov/travel/security-screening/identification,Identification | Transportation Security Administration,17
wrh.noaa.gov/total_forecast/getprod.php?prod=xxxafdmtr&wfo=mtr,National Weather Service - NWS San Francisco/Monterey Bay Area,17
wrh.noaa.gov/zoa/mwmap3.php?map=usa,CWSU National TAF METAR maps - NOAA NWS,17
apod.nasa.gov/apod/archivepix.html,Astronomy Picture of the Day Archive,16
bls.gov/,U.S. Bureau of Labor Statistics,16
ceac.state.gov/ceacstattracker/status.aspx?app=iv,CEAC,16
ceac.state.gov/genniv/general/complete/complete_securityandbackground4.aspx?node=securityandbackground4,Nonimmigrant Visa - Security and Background: Part 4,16
dea.gov/druginfo/ds.shtml,DEA / Drug Scheduling,16
drugabuse.gov/publications/drugfacts/marijuana,DrugFacts: Marijuana | National Institute on Drug Abuse (NIDA),16
drugabuse.gov/publications/drugfacts/mdma-ecstasymolly,DrugFacts: MDMA (Ecstasy/Molly) | National Institute on Drug Abuse (NIDA),16
eauth.va.gov/wssweb/wss-common-webparts/mvc/viewmydashboard,Your Dashboard - eBenefits,16
foodsafety.gov/keep/charts/storagetimes.html,Storage Times for the Refrigerator and Freezer | FoodSafety.gov,16
goes.noaa.gov/gssloops/wcir.html,West CONUS: Infrared Loop - NOAA GOES Geostationary Satellite Server,16
idcfars.bls.gov/ars/authentication/logout,Annual Refiling Survey - Login Page,16
irs.gov/for-tax-pros,Tax Professionals,16
irs.gov/help-resources/telephone-assistance,Let Us Help You,16
irs.gov/individuals/tax-return-transcript-types-and-ways-to-order-them,Transcript Types and Ways to Order Them,16
medlineplus.gov/spanish/ency/article/000252.htm,Gastroenteritis viral (gripe estomacal): MedlinePlus enciclopedia médica,16
medlineplus.gov/spanish/ency/article/001504.htm,Quistes ováricos: MedlinePlus enciclopedia médica,16
navy.mil/,Navy.mil The Official Website of the United States Navy: Home Page,16
nces.ed.gov/nceskids/createagraph/,Create A Graph,16
nimh.nih.gov/health/topics/bipolar-disorder/index.shtml,NIMH » Bipolar Disorder,16
nimh.nih.gov/health/topics/post-traumatic-stress-disorder-ptsd/index.shtml,NIMH » Post-Traumatic Stress Disorder,16
nps.gov/yose/planyourvisit/yv.htm,Yosemite Valley - Yosemite National Park (U.S. National Park Service),16
passportstatus.state.gov/opss/opss_status_d.asp,U.S. Passport Application Status,16
petitions.whitehouse.gov/petition/ensure-all-civilians-medical-personnel-and-rescue-workers-safe-passage-out-aleppo,"Ensure all civilians, medical personnel and rescue workers safe passage out of Aleppo | We the People: Your Voice in Our Government",16
pptform.state.gov/address,Passport Application System,16
pptform.state.gov/portal,Passport Application System,16
sba.gov/starting-business/how-start-business/10-steps-starting-business,Follow These 10 Steps to Starting a Business | The U.S. Small Business Administration | SBA.gov,16
spc.noaa.gov/products/,Storm Prediction Center Forecast Products,16
studentaid.ed.gov/sa/types/grants-scholarships/pell,Federal Pell Grants | Federal Student Aid,16
therealcost.betobaccofree.hhs.gov/hacked_001b.html?campaign=gm,"Don't Get Hacked by Cigarettes | The Real Cost",16
uscis.gov/citizenship/teachers/educational-products/100-civics-questions-and-answers-mp3-audio-english-version,100 Civics Questions and Answers with MP3 Audio (English version) | USCIS,16
uscis.gov/i-765,Application for Employment Authorization | USCIS,16
uscis.gov/i-90,Application to Replace Permanent Resident Card | USCIS,16
uscis.gov/news,News | USCIS,16
usps.com/ship/online-shipping.htm,Print Shipping Labels Online | USPS,16
weather.gov/fsd/,"Sioux Falls, SD",16
weather.gov/satellite,Satellite Images,16
wrh.noaa.gov/byz/,National Weather Service - NWS Billings,16
wrh.noaa.gov/pih/,National Weather Service - NWS Pocatello,16
wrh.noaa.gov/zoa/mobile/zoa2.htm,CWSU Aviation Mobile,16
accessdata.fda.gov/scripts/cder/daf/index.cfm?event=basicsearch.process,Drugs@FDA: FDA Approved Drug Products,15
accessdata.fda.gov/scripts/cder/ob/search_product.cfm,Orange Book: Approved Drug Products with Therapeutic Equivalence Evaluations,15
benefits.va.gov/gibill/,Education and Training Home,15
cdc.gov/std/gonorrhea/stdfact-gonorrhea.htm,STD Facts - Gonorrhea,15
ceac.state.gov/genniv/general/complete/complete_exchangevisitoraddcontact.aspx?node=exchangevisitor2,Nonimmigrant Visa - Additional Point of Contact Information,15
ceac.state.gov/genniv/general/complete/complete_securityandbackground3.aspx?node=securityandbackground3,Nonimmigrant Visa - Security and Background: Part 3,15
census.gov/quickfacts/,UNITED STATES QuickFacts from the US Census Bureau,15
choosemyplate.gov/tools-supertracker,SuperTracker | Choose MyPlate,15
eddmr-dev.usps.com/eddm2/customer/routesearch.action,USPS.com® - Every Door Direct Mail,15
egov.uscis.gov/casestatus/displaylogon.do,myUSCIS - Login,15
egov.uscis.gov/casestatus/landing.do,myUSCIS - Busque el Estado de Caso,15
forecast.weather.gov/mapclick.php,7-Day Forecast for Latitude 44.02°N and Longitude 123.09°W (Elev. 600 ft),15
forecast.weather.gov/mapclick.php,7-Day Forecast for Latitude 44.95°N and Longitude 93.1°W (Elev. 810 ft),15
forecast.weather.gov/mapclick.php,7-Day Forecast for Latitude 45.79°N and Longitude 108.5°W (Elev. 3199 ft),15
forecast.weather.gov/mapclick.php,7-Day Forecast for Latitude 46.87°N and Longitude 114°W (Elev. 3201 ft),15
gsaauctions.gov/gsaauctions/aucindx/,"GSA Auctions, General Services Administration, Government Site for Auctions",15
gsaauctions.gov/gsaauctions/gsaauctions/,"GSA Auctions, General Services Administration, Government Site for Auctions",15
medlineplus.gov/eczema.html,Eczema: MedlinePlus,15
medlineplus.gov/spanish/ency/article/000292.htm,Hemorroides: MedlinePlus enciclopedia médica,15
medlineplus.gov/spanish/ency/article/000369.htm,Síndrome del ovario poliquístico: MedlinePlus enciclopedia médica,15
medlineplus.gov/spanish/ency/article/001299.htm,Leucemia: MedlinePlus enciclopedia médica,15
nimh.nih.gov/health/topics/obsessive-compulsive-disorder-ocd/index.shtml,NIMH » Obsessive-Compulsive Disorder,15
ods.od.nih.gov/factsheets/selenium-healthprofessional/,Dietary Supplement Fact Sheet: Selenium — Health Professional Fact Sheet,15
poboxes.usps.com/poboxonline/search/landingpage.do,USPS - Welcome to PO Boxes Online,15
reg.usps.com/entreg/loginaction_input,USPS.com® - Sign In,15
spc.noaa.gov/m/,Storm Prediction Center,15
travel.state.gov/content/passports/en/passports/under-16.html,Children Under 16,15
usajobs.gov/applicant/profiledashboard/home?c=application-active,USAJOBS - Profile Dashboard,15
uscis.gov/i-864,Affidavit of Support Under Section 213A of the INA | USCIS,15
uscis.gov/i-9,Employment Eligibility Verification | USCIS,15
usps.com/help/missing-mail.htm,Missing Mail | USPS,15
usps.com/international/mail-shipping-services.htm,International Mail Services | USPS,15
usps.com/ship/preparing-domestic-shipments.htm,Preparing Shipments | USPS,15
usps.com/text-tracking/welcome.htm,Text Tracking FAQs | USPS,15
weather.gov/dmx/,"Des Moines, IA",15
weather.gov/dmx/dsswinter,Decision Support - Winter Weather,15
weather.gov/oax/,"Omaha/Valley, NE",15
weather.gov/riw/,Western and Central Wyoming,15
wrh.noaa.gov/slc/,National Weather Service - NWS Salt Lake City,15
aids.gov/hiv-aids-basics/hiv-aids-101/how-you-get-hiv-aids/,How Do You Get HIV or AIDS?,14
catalog.usmint.gov/on/demandware.store/sites-usm-site/default/cart-show,The United States Mint Cart,14
cdc.gov/spanish/especialescdc/sintomastuberculosis/,Enfermedad de tuberculosis (TB): Síntomas y factores de riesgo - Especiales CDC - CDC en Español,14
cdc.gov/std/spanish/vph/stdfact-hpv-s.htm,Infección genital por VPH - Enfermedades de transmisión sexual,14
data.bls.gov/search/query/results?cx=013738036195919377644:6ih0hfrgl50,BLS Search Results,14
dhs.gov/,Homeland Security |,14
earthquake.usgs.gov/,USGS Earthquake Hazards Program,14
ed.gov/,Home | U.S. Department of Education,14
forecast.weather.gov/mapclick.php,7-Day Forecast for Latitude 30.27°N and Longitude 97.74°W (Elev. 509 ft),14
forecast.weather.gov/mapclick.php,7-Day Forecast for Latitude 37.77°N and Longitude 122.41°W (Elev. 131 ft),14
forecast.weather.gov/mapclick.php,7-Day Forecast for Latitude 48.76°N and Longitude 122.48°W (Elev. 30 ft),14
ftc.gov/,"Federal Trade Commission | Protecting America's Consumers",14
goes.noaa.gov/wcir4.html,"Western U.S. Infrared, Enhancement 4 - NOAA GOES Geostationary Satellite Server",14
gsaauctions.gov/gsaauctions/aucitsrh/,"GSA Auctions, General Services Administration, Government Site for Auctions",14
mars.nasa.gov/mer/gallery/all/opportunity.html,Mars Exploration Rover Mission: Multimedia: All Raw Images: Opportunity,14
medlineplus.gov/,MedlinePlus - Health Information from the National Library of Medicine,14
medlineplus.gov/spanish/chlamydiainfections.html,Infecciones por clamidia | Síntomas | Tratamiento | MedlinePlus en español,14
medlineplus.gov/spanish/druginfo/meds/a605045-es.html,Pregabalina: MedlinePlus medicinas,14
medlineplus.gov/spanish/druginfo/meds/a685001-es.html,Amoxicilina: MedlinePlus medicinas,14
medlineplus.gov/spanish/ency/article/001511.htm,Candidosis vaginal: MedlinePlus enciclopedia médica,14
medlineplus.gov/spanish/ency/article/003130.htm,Heces con sangre o alquitranosas: MedlinePlus enciclopedia médica,14
my.uscis.gov/en/prep/test/civics/view,USCIS - Test Results,14
my.uscis.gov/findadoctor,USCIS - Find a Doctor,14
nimh.nih.gov/health/topics/attention-deficit-hyperactivity-disorder-adhd/index.shtml,NIMH » Attention Deficit Hyperactivity Disorder,14
nlm.nih.gov/,National Library of Medicine - National Institutes of Health,14
pages.nist.gov/800-63-3/sp800-63b.html,DRAFT NIST Special Publication 800-63B,14
pptform.state.gov/fees,Passport Application System,14
reg.usps.com/entreg/secure/registrationsuccessaction_input,USPS.com® - Registration Success,14
reg.usps.com/login?appurl=https://reg.usps.com//preferences,USPS.com® - Sign In,14
spc.noaa.gov/products/outlook/day1otlk.html,"Storm Prediction Center Dec 15, 2016 0100 UTC Day 1 Convective Outlook",14
store.usps.com/store/browse/subcategory.jsp?categoryid=flat-rate-shipping,Flat Rate,14
therealcost.betobaccofree.hhs.gov/hacked_001d.html?campaign=gm,"Don't Get Hacked by Cigarettes | The Real Cost",14
travel.state.gov/content/passports/en/passports/information/feecalculator.html,Fee Calculator,14
travel.state.gov/content/visas/en/forms/ds-160--online-nonimmigrant-visa-application.html,DS-160: Online Nonimmigrant Visa Application,14
usajobs.gov/account/forgotpassword,USAJOBS - Account Verification,14
usajobs.gov/applicant/profiledashboard/home?c=application,USAJOBS - Profile Dashboard,14
uscis.gov/greencard,Green Card | USCIS,14
usda.gov/wps/portal/usda/usdamobile,U.S. Department of Agriculture,14
usps.com/help/claims.htm,File a Claim | USPS,14
usps.com/priority-mail/map/,USPS - Priority Mail Delivery Map,14
usps.com/ship/priority-mail-express.htm,Priority Mail Express | USPS,14
whitehouse.gov/1600/legislative-branch,The Legislative Branch | whitehouse.gov,14
archives.gov/veterans/military-service-records,"Request Your Military Service Records Online, by Mail, or by Fax | National Archives",13
benefits.va.gov/benefits/,Veterans Benefits Administration Home,13
catalog.usmint.gov/mercury-dime-2016-centennial-gold-coin-16xb.html?cgid=gold-coins,Mercury Dime 2016 Centennial Gold Coin - US Mint,13
cdc.gov/co/faqs.htm,CDC - Carbon Monoxide Poisoning - Frequently Asked Questions,13
ceac.state.gov/ctrac/invoice/signon.aspx,Sign In Page,13
census.gov/popclock/,Population Clock,13
climate.nasa.gov/effects/,Climate Change: Vital Signs of the Planet: Effects,13
climate.nasa.gov/scientific-consensus/,Climate Change: Vital Signs of the Planet: Scientific Consensus,13
complaints.donotcall.gov/complaint/complaintcheck.aspx,National Do Not Call Registry,13
dol.gov/,United States Department of Labor,13
donotcall.gov/register/reg.aspx,National Do Not Call Registry,13
fns.usda.gov/snap/eligibility,Eligibility | Food and Nutrition Service,13
forecast.weather.gov/mapclick.php,7-Day Forecast for Latitude 41.86°N and Longitude 87.65°W,13
forecast.weather.gov/mapclick.php,7-Day Forecast for Latitude 45.68°N and Longitude 111.05°W (Elev. 4774 ft),13
forecast.weather.gov/mapclick.php,Zone Area Forecast for Anchorage,13
goes.noaa.gov/dml/west/nhem/weus/rb.html,"Western U.S., Rainbow Loop: GOES West",13
grc.nasa.gov/www/k-12/airplane/newton.html,"Newton's Laws of Motion",13
holdmail.usps.com/holdmail/home.jsp,USPS.com - Hold Mail Service,13
irs.gov/tax-professionals/ptin-requirements-for-tax-return-preparers,PTIN Requirements for Tax Return Preparers,13
mars.nasa.gov/mer/gallery/all/opportunity_n4582.html,Mars Exploration Rover Mission: Multimedia: All Raw Images: Opportunity: Navigation Camera: Sol 4582,13
medlineplus.gov/spanish/druginfo/meds/a685017-es.html,Dicloxacilina: MedlinePlus medicinas,13
medlineplus.gov/spanish/druginfo/meds/a685032-es.html,Inyección de ceftriaxona: MedlinePlus medicinas,13
medlineplus.gov/spanish/druginfo/meds/a697037-es.html,Azitromicina: MedlinePlus medicinas,13
medlineplus.gov/spanish/ency/article/000256.htm,Apendicitis : MedlinePlus enciclopedia médica,13
medlineplus.gov/spanish/ency/article/001432.htm,Trastornos asociados con el vértigo: MedlinePlus enciclopedia médica,13
medlineplus.gov/spanish/ency/article/003104.htm,"Hinchazón de tobillos, pies y piernas: MedlinePlus enciclopedia médica",13
my.uscis.gov/en/appointment/save_time,Find a Field Office: Customer Information,13
nasa.gov/multimedia/imagegallery/iotd.html,NASA Image of the Day | NASA,13
nasa.gov/multimedia/nasatv/iss_ustream.html,International Space Station on UStream | NASA,13
nsopw.gov/en-us/search/results,Search Results,13
peacecorps.gov/apply/,Apply,13
ssa.gov/forms/apply-for-benefits.html,Apply for Social Security Benefits,13
state.gov/misc/list/,A-Z List of Country and Other Area Pages,13
store.usps.com/store/browse/category.jsp?categoryid=shipping-supplies,Shipping Supplies,13
studentaid.ed.gov/sa/resources/loan-grant-fact-sheets,Loan and Grant Fact Sheets | Federal Student Aid,13
travel.state.gov/content/visas/en/immigrate/immigrant-process/approved/step_2_pay_fees.html,Pay Fees,13
travel.state.gov/content/visas/en/immigrate/immigrant-process/documents/step_4_collect_financial_documents.html,Collect Financial Documents,13
usajobs.gov/applicant/profiledashboard/home/?c=saved-job,USAJOBS - Profile Dashboard,13
uscis.gov/es,Espanol Homepage | USCIS,13
uscis.gov/i-131,Application for Travel Document | USCIS,13
whitehouse.gov/1600/judicial-branch,The Judicial Branch | whitehouse.gov,13
whitehouse.gov/blog/2016/12/12/3-letters-explain-why-president-obama-signing-cures-act,3 Letters That Explain Why President Obama Is Signing the Cures Act | whitehouse.gov,13
whitehouse.gov/contact/presidential-greetings-request,Request a Presidential Greeting | The White House,13
womenshealth.gov/publications/our-publications/fact-sheet/menstruation.html,Menstruation and the menstrual cycle fact sheet | womenshealth.gov,13
careers.state.gov/work/opportunities/vacancy-announcements/sa,Diplomatic Security Special Agent - U.S. Department of State,12
cdc.gov/features/strepthroat/,Worried your sore throat may be strep? | Features | CDC,12
cdc.gov/healthyweight/assessing/bmi/adult_bmi/english_bmi_calculator/bmi_calculator.html,Adult BMI Calculator | Healthy Weight | CDC,12
cdc.gov/hepatitis/hcv/cfaq.htm,Hepatitis C FAQs for the Public | Division of Viral Hepatitis | CDC,12
cdc.gov/std/herpes/stdfact-herpes-detailed.htm,STD Facts - Genital Herpes (Detailed version),12
cdc.gov/std/spanish/sifilis/stdfact-syphilis-s.htm,Sífilis - Enfermedades de transmisión sexual,12
cdc.gov/zika/geo/active-countries.html,Countries & Territories with Active Local Zika Virus Transmission | Zika virus | CDC,12
defense.gov/,United States Department of Defense,12
eddm.usps.com/eddm/customer/routesearch.action,USPS.com® - Every Door Direct Mail,12
forecast.weather.gov/mapclick.php,7-Day Forecast for Latitude 32.72°N and Longitude 117.15°W (Elev. 118 ft),12
forecast.weather.gov/mapclick.php,7-Day Forecast for Latitude 37.27°N and Longitude 107.88°W (Elev. 6598 ft),12
forecast.weather.gov/mapclick.php,7-Day Forecast for Latitude 40.58°N and Longitude 111.61°W (Elev. 9442 ft),12
forecast.weather.gov/mapclick.php,7-Day Forecast for Latitude 41.84°N and Longitude 87.68°W,12
forecast.weather.gov/mapclick.php,7-Day Forecast for Latitude 43.07°N and Longitude 89.4°W (Elev. 879 ft),12
forecast.weather.gov/mapclick.php,7-Day Forecast for Latitude 46.73°N and Longitude 116.99°W (Elev. 2598 ft),12
health.gov/,Home of the Office of Health Promotion and Disease Prevention - health.gov,12
irs.gov/individuals/irs-withholding-calculator,IRS Withholding Calculator,12
medlineplus.gov/spanish/druginfo/meds/a693050-es.html,Omeprazol: MedlinePlus medicinas,12
medlineplus.gov/spanish/ency/article/000521.htm,Infección urinaria en adultos: MedlinePlus enciclopedia médica,12
medlineplus.gov/spanish/hpv.html,Virus del papiloma humano: MedlinePlus en español,12
mobile.weather.gov/index.php?units=us&lon=-122.69&lat=45.5,NWS Mobile Weather,12
nimh.nih.gov/health/topics/anxiety-disorders/index.shtml,NIMH » Anxiety Disorders,12
opm.gov/policy-data-oversight/snow-dismissal-procedures/federal-holidays/,Federal Holidays,12
pptform.state.gov/parentspouse,Passport Application System,12
retail-pi.usps.com/retailpi/actions/index.action,USPS.com® - USPS Package Intercept®,12
safercar.gov/,Home | Safercar -- National Highway Traffic Safety Administration (NHTSA),12
sba.gov/starting-business/write-your-business-plan,How to Write a Business Plan | The U.S. Small Business Administration | SBA.gov,12
studentaid.ed.gov/sa/types/loans/plus,PLUS Loans | Federal Student Aid,12
studentloans.gov/mydirectloan/login.action?redirectto=/mydirectloan/index.action,StudentLoans.gov,12
tools.usps.com/go/polocatoraction!input.action,USPS.com® - Find Locations,12
travel.state.gov/content/passports/en/passports/photos/photos.html,Photo Requirements,12
treasury.gov/pages/social.aspx,Social Hub,12
usajobs.gov/getjob/viewdetails/458476800/,USAJOBS - Job Announcement,12
uspto.gov/patents-application-process/search-patents,Search for patents | USPTO,12
womenshealth.gov/publications/our-publications/fact-sheet/premenstrual-syndrome.html,Premenstrual syndrome (PMS) fact sheet | womenshealth.gov,12
apps.irs.gov/app/withholdingcalculator/index2.jsp,2016 Withholding Calculator,11
archives.gov/federal-register/electoral-college/roles.html,U. S. Electoral College: Roles and Responsibilities,11
cancer.gov/,Comprehensive Cancer Information - National Cancer Institute,11
cancer.gov/types/prostate/psa-fact-sheet,Prostate-Specific Antigen (PSA) Test - National Cancer Institute,11
cdc.gov/meningitis/viral.html,Meningitis | Viral | CDC,11
cdc.gov/norovirus/about/symptoms.html,Norovirus | Symptoms | CDC,11
ceac.state.gov/genniv/common/sessiontimedout.aspx?cul=en-us,Consular Electronic Application Center - Session Timed Out,11
ceac.state.gov/ivapp/ivapp/complete/complete_contact.aspx?node=addressphone1,Immigrant Visa - Present and Previous Address Information,11
cnrfc.noaa.gov/awipsproducts/rnowrkcli.php,(not set),11
dea.gov/index.shtml,DEA.gov / Home,11
egov.uscis.gov/casestatus/logon.do,myUSCIS - Login,11
egov.uscis.gov/cris/contactus,USCIS - Contact Us Page,11
eol.jsc.nasa.gov/esrs/hdev/,HDEV,11
es.usps.com/holiday/welcome.htm?ns_campaign=holiday2016&ns_mchannel=all-media&ns_source=fiestas,Días festivos 2016 | USPS,11
fbo.gov/index,Home - Federal Business Opportunities: Home,11
fda.gov/safety/recalls/ucm532905.htm,"Recalls, Market Withdrawals, & Safety Alerts > Lenny & Larry’s, Inc. Conducts Nationwide Voluntary Recall of Chocolate Chip and Coconut Chocolate Chip Complete Cookie Recall Due To Possible Undeclared Milk in Dark Chocolate Chips",11
forecast.weather.gov/mapclick.php,7-Day Forecast for Latitude 40.57°N and Longitude 111.67°W (Elev. 9298 ft),11
forecast.weather.gov/mapclick.php,7-Day Forecast for Latitude 45.63°N and Longitude 122.67°W (Elev. 164 ft),11
forecast.weather.gov/mapclick.php,7-Day Forecast for Latitude 45.71°N and Longitude 121.51°W (Elev. 200 ft),11
forecast.weather.gov/mapclick.php,7-Day Forecast for Latitude 47.75°N and Longitude 121.09°W (Elev. 4049 ft),11
gab.usps.com/addrbook/secure/yourcontactsaction_input,USPS.com® - Address Book,11
hhs.gov/,HHS.gov,11
irs.gov/tax-professionals/e-services-online-tools-for-tax-professionals,e-Services - Online Tools for Tax Professionals,11
jpl.nasa.gov/,"NASA Jet Propulsion Laboratory (JPL) - Space Mission and Science News, Videos and Images",11
medlineplus.gov/spanish/druginfo/meds/a685024-es.html,Amoxicilina y Ácido Clavulánico: MedlinePlus medicinas,11
medlineplus.gov/spanish/druginfo/meds/a699015-es.html,Sildenafil: MedlinePlus medicinas,11
medlineplus.gov/spanish/ency/article/000468.htm,Hipertensión arterial: MedlinePlus enciclopedia médica,11
medlineplus.gov/spanish/ency/article/000655.htm,Faringitis y dolor de garganta: MedlinePlus enciclopedia médica,11
medlineplus.gov/spanish/ency/article/000897.htm,Generalidades sobre la vulvovaginitis: MedlinePlus enciclopedia médica,11
medlineplus.gov/spanish/ency/article/003079.htm,Dolor torácico: MedlinePlus enciclopedia médica,11
medlineplus.gov/spanish/ency/article/003206.htm,Entumecimiento y hormigueo: MedlinePlus enciclopedia médica,11
medlineplus.gov/spanish/ency/patientinstructions/000772.htm,Dosis del ibuprofeno para los niños: MedlinePlus enciclopedia médica,11
medlineplus.gov/tuberculosis.html,Tuberculosis: MedlinePlus,11
myhealth.va.gov/mhv-portal-web/secure-messaging,Secure Messaging - My HealtheVet - My HealtheVet,11
nasa.gov/feature/goddard/nasa-study-mass-gains-of-antarctic-ice-sheet-greater-than-losses/,NASA Study: Mass Gains of Antarctic Ice Sheet Greater than Losses | NASA,11
nasa.gov/multimedia/nasatv/index.html,NASA Television | NASA,11
nces.ed.gov/collegenavigator/,College Navigator - National Center for Education Statistics,11
nimh.nih.gov/health/topics/schizophrenia/index.shtml,NIMH » Schizophrenia,11
ods.od.nih.gov/factsheets/magnesium-healthprofessional/,Magnesium — Health Professional Fact Sheet,11
opm.gov/cybersecurity/,Cybersecurity Resource Center,11
opm.gov/healthcare-insurance/dental-vision/plan-information/,Plan Information,11
petitions.whitehouse.gov/petition/dea-must-require-pre-existing-clinical-reports-justify-scheduling-drug,The DEA must require pre-existing clinical reports to justify the scheduling of a drug. | We the People: Your Voice in Our Government,11
postcalc.usps.com/default.aspx?m=0&dpb=0,Postage Price Calculator,11
pptform.state.gov/review,Passport Application System,11
sm.myhealth.va.gov/mhv-sm-web/compose.action,My HealtheVet - Secure Messaging - Create New Message,11
spc.noaa.gov/products/exper/day4-8/,"Storm Prediction Center Dec 14, 2016 Day 4-8 Severe Weather Outlook",11
ssa.gov/disability/,Benefits for People with Disabilities,11
ssa.gov/planners/benefitcalculators.html,Calculators,11
store.usps.com/store/browse/category.jsp?categoryid=buy-stamps,Stamps,11
studentaid.ed.gov/sa/repay-loans/consolidation,Loan Consolidation | Federal Student Aid,11
studentaid.ed.gov/sa/repay-loans/understand/plans/income-driven,Income-Driven Plans | Federal Student Aid,11
studentaid.ed.gov/sa/types/grants-scholarships/finding-scholarships,Finding and Applying for Scholarships | Federal Student Aid,11
therealcost.betobaccofree.hhs.gov/hacked.html?campaign=gm,"Don't Get Hacked by Cigarettes | The Real Cost",11
tools.usps.com/go/scheduleapickupaction_confirmationmulti,USPS.com® - Schedule a Pickup,11
travel.state.gov/content/visas/en.html,U.S. Visa,11
travel.state.gov/content/visas/en/immigrate/family/fiance-k-1.html,Nonimmigrant Visa for a Fiancé(e) (K-1),11
travel.state.gov/content/visas/en/immigrate/immigrant-process/approved/contact.html,Begin National Visa Center (NVC) Processing,11
travel.state.gov/vpv404/content/travel/en/404.html/,404 - Page Not Found,11
tsa.gov/precheck/faq,TSA Pre✓® FAQ | Transportation Security Administration,11
usajobs.gov/applicant/application/applystart/invalid/,USAJOBS - Review Package,11
uscis.gov/file-online/uscis-immigrant-fee,USCIS Immigrant Fee | USCIS,11
uscis.gov/green-card/green-card-processes-and-procedures/green-card-eligibility,Green Card Eligibility | USCIS,11
usps.com/ship/,How to Send Mail | USPS,11
weather.gov/gjt/,"Grand Junction, CO",11
weather.gov/lwx/,"Sterling, VA",11
weather.gov/mkx/bittercoldsnowthisweek,Bitter Cold This Week; Accumulating Snow Friday Into Saturday; More Cold (Updated 3:00 PM 12/14),11
whitehouse.gov/administration/president-obama,President Barack Obama | whitehouse.gov,11
wrh.noaa.gov/satellite/?wfo=lox,National Weather Service - NWS Los Angeles/Oxnard,11
wrh.noaa.gov/total_forecast/getprod.php?prod=xxxafdsew&wfo=sew,National Weather Service - NWS Seattle,11
wrh.noaa.gov/total_forecast/getprod.php?prod=xxxafdsgx&wfo=sgx,National Weather Service - NWS San Diego,11
ada.gov/,ADA.gov homepage,10
archives.gov/federal-register/electoral-college/provisions.html,U. S. Electoral College: Presidential Election Laws,10
benefits.gov/benefits/benefit-finder,Benefit Finder | Benefits.gov,10
cdc.gov/norovirus/,Norovirus | Home | CDC,10
cdc.gov/std/hpv/stdfact-hpv-and-men.htm,STD Facts - HPV and Men,10
cdc.gov/std/spanish/gonorrea/stdfact-gonorrhea-s.htm,Gonorrea - Enfermedades de transmisión sexual,10
ceac.state.gov/ceacstattracker/status.aspx?app=niv,CEAC,10
ceac.state.gov/ctrac/invoice/receipt.aspx?node=receipt,Receipt Page,10
ceac.state.gov/genniv/general/photo/photo_confirmphoto.aspx?node=confirmphoto,Nonimmigrant Visa - Confirm Photo,10
ceac.state.gov/genniv/general/review/review_reviewfamily.aspx?node=reviewfamily,Nonimmigrant Visa - Review Family Information,10
climate.nasa.gov/causes/,Climate Change: Vital Signs of the Planet: Causes,10
cns.usps.com/cfo-web/labelinformation.shtml,USPS.com® - Customs Forms,10
consumer.ftc.gov/topics/protecting-kids-online,Protecting Kids Online | Consumer Information,10
egov.uscis.gov/casestatus/mycasestatus.do,myUSCIS - Case Status Search,10
epa.gov/bedbugs/do-it-yourself-bed-bug-control,Do-it-yourself Bed Bug Control | Bed Bugs: Get Them Out and Keep Them Out | US EPA,10
epa.gov/ghgemissions/overview-greenhouse-gases,Overview of Greenhouse Gases | Greenhouse Gas (GHG) Emissions | US EPA,10
espanol.epa.gov/espanol/10-consejos-utiles-para-eliminar-las-chinches-de-cama,10 consejos útiles para eliminar las chinches de cama | EPA en español | US EPA,10
faa.gov/search/?omni=mainsearch,Search Results,10
faa.gov/uas/faqs/,Unmanned Aircraft Systems (UAS) Frequently Asked Questions/Help,10
fbo.gov/index?s=opportunity&mode=list&tab=list,Opportunities - Federal Business Opportunities: Opportunities,10
forecast-v3.weather.gov/documentation?redirect=legacy,National Weather Service,10
forecast.weather.gov/mapclick.php,(not set),10
forecast.weather.gov/mapclick.php,7-Day Forecast for Latitude 40.71°N and Longitude 73.98°W (Elev. 26 ft),10
forecast.weather.gov/mapclick.php,7-Day Forecast for Latitude 43.49°N and Longitude 110.75°W (Elev. 6329 ft),10
forecast.weather.gov/mapclick.php,7-Day Forecast for Latitude 44.08°N and Longitude 103.24°W (Elev. 3291 ft),10
forecast.weather.gov/mapclick.php,7-Day Forecast for Latitude 46.24°N and Longitude 119.11°W (Elev. 397 ft),10
forecast.weather.gov/mapclick.php,7-Day Forecast for Latitude 46.73°N and Longitude 117.17°W (Elev. 2556 ft),10
forecast.weather.gov/mapclick.php,7-Day Forecast for Latitude 47.62°N and Longitude 122.36°W (Elev. 105 ft),10
gobierno.usa.gov/,Guía oficial de información y servicios del Gobierno | USAGov,10
ice.gov/,ICE |,10
ircalc.usps.com/,International Price Calculator,10
justice.gov/,U.S. Department of Justice,10
login.usajobs.gov/account/username,USAJOBS - Username & Password,10
mcc.gov/news-and-events/release/release-121416-board-meeting-dec-2016,"Millennium Challenge Corporation Board of Directors Selects Burkina Faso, Sri Lanka, Tunisia for New Compacts | Millennium Challenge Corporation",10
medlineplus.gov/spanish/druginfo/meds/a601246-es.html,Pantoprazol: MedlinePlus medicinas,10
medlineplus.gov/spanish/druginfo/meds/a682159-es.html,Ibuprofeno: MedlinePlus medicinas,10
medlineplus.gov/spanish/druginfo/meds/a682793-es.html,Hidrocortisona tópica: MedlinePlus medicinas,10
medlineplus.gov/spanish/druginfo/meds/a689011-es.html,Metronidazol oral: MedlinePlus medicinas,10
medlineplus.gov/spanish/ency/article/003106.htm,Hemorragia nasal: MedlinePlus enciclopedia médica,10
medlineplus.gov/spanish/ency/article/007278.htm,Hipotensión: MedlinePlus enciclopedia médica,10
medlineplus.gov/spanish/gallbladderdiseases.html,Enfermedades de la vesícula biliar: MedlinePlus en español,10
my.uscis.gov/en/appointment/new?appointment[international]=false,Find a Field Office,10
nasa.gov/image-feature/color-variations-on-mount-sharp-mars/,"Color Variations on Mount Sharp, Mars | NASA",10
nhlbi.nih.gov/health/educational/lose_wt/risk.htm,Assessing Your Weight and Health Risk,10
nps.gov/planyourvisit/passes.htm,America the Beautiful Passes (U.S. National Park Service),10
nps.gov/yose/index.htm,Yosemite National Park (U.S. National Park Service),10
pk.usembassy.gov/embassy-consulates/jobs/current-vacancies/,DoS Current Vacancies | U.S. Embassy & Consulates in Pakistan,10
pptform.state.gov/emergencycontact,Passport Application System,10
pptform.state.gov/mostrecentpassport,Passport Application System,10
reg.usps.com/entreg/loginaction_input?appurl=https://my.usps.com/mobileweb/pages/myusps/signoutaction,USPS.com® - Sign In,10
ssa.gov/applyfordisability/,Apply Online for Disability Benefits,10
ssa.gov/news/press/releases/,Press Office | Press Releases,10
state.gov/,U.S. Department of State | Home Page,10
store.usps.com/store/browse/subcategory.jsp?categoryid=free-shipping-supplies&categorynavids=shipping-supplies:free-shipping-supplies,Free Shipping Supplies,10
travel.state.gov/content/passports/en/alertswarnings.html,Alerts and Warnings,10
travel.state.gov/content/passports/en/country/cuba.html,Cuba,10
usa.gov/inauguration-2017,Presidential Inauguration 2017 | USAGov,10
"usajobs.gov/search/?keyword=&location=atlanta,+georgia&autocompleteselected=true",USAJOBS - The Federal Government’s Official Jobs Site,10
uscis.gov/file-online/log-online-filing,Log in to Online Filing | USCIS,10
usps.com/ship/shipping-restrictions.htm,Shipping Restrictions | USPS,10
usps.com/yourpostoffice/,Your Post Office Anywhere™,10
weather.gov/ctp/,"State College, PA",10
weather.gov/dvn/,"Quad Cities, IA/IL",10
weather.gov/ilx/,Central Illinois,10
weather.gov/ind/,"Indianapolis, IN",10
weather.gov/unr/,"Rapid City, SD",10
wrh.noaa.gov/hnx/,National Weather Service - NWS Hanford,10
wrh.noaa.gov/satellite/?wfo=sto,National Weather Service - NWS Sacramento,10
www3.epa.gov/,US Environmental Protection Agency,10